{"font_css": "stock:lustria-lato", "storymap": {"attribution": "", "call_to_action": true, "call_to_action_text": "", "language": "es", "map_as_image": false, "map_background_color": "", "map_subdomains": "", "map_type": "ch-watercolor", "slides": [{"background": {}, "date": "", "location": {"line": true}, "media": {"caption": "", "credit": "Typewriter art. F\u00e1tima Queiroz", "url": "https://i.pinimg.com/736x/41/2c/17/412c17374cb0c0387629d9b86ba37987.jpg"}, "text": {"headline": "La historia del espa\u00f1ol de la Argentina", "text": "<p>\u00bfC\u00f3mo se form\u00f3 el espa\u00f1ol de la Argentina? \u00bfQu\u00e9 caracter\u00edsticas y variedades presenta? \u00bfDe d\u00f3nde provienen muchas de las palabras que empleamos diariamente? Realizaremos un recorrido hist\u00f3rico que parte del momento de la llegada y difusi\u00f3n del espa\u00f1ol en Am\u00e9rica, destacando la influencia de las lenguas de los pueblos originarios y de las lenguas de la inmigraci\u00f3n.</p><p><b>Fuente:</b> Museo de la lengua Universidad Nacional de General Sarmiento</p><div><a href=\"https://www.ungs.edu.ar/cultura/museo-de-la-lengua/visita-virtual\" target=\"\" rel=\"\"><span>Museo de la Lengua UNGS - visita virtual</span></a></div>"}, "type": "overview"}, {"background": {}, "date": "", "location": {"icon": "//uploads.knightlab.com/storymapjs/4d200f1dc1552e80fbe6519730afa818/historia-del-espanol-de-la-argentina/_images/noun-speaking-sin-letras.gif", "iconSize": [33.919239904988125, 48], "lat": 40.471817, "line": true, "lon": -3.683973, "use_custom_marker": true, "zoom": 12}, "media": {"caption": "Mapa Reino de castilla", "credit": "Wikimedia Commons", "url": "https://upload.wikimedia.org/wikipedia/commons/thumb/9/9c/Corona_de_Castilla_1400_es.svg/800px-Corona_de_Castilla_1400_es.svg.png"}, "text": {"headline": "\"La lengua es compa\u00f1era del imperio\"", "text": "<span><p>\u201cCuando los Reyes cat\u00f3licos, Isabel de Castilla y Fernando de Arag\u00f3n, subieron al trono y se unific\u00f3 Espa\u00f1a, la lengua de Castillas se convirti\u00f3 en la lengua general de la corte, y su prestigio pol\u00edtico, social y cultural se extendi\u00f3 sobre los dialectos y las otras lenguas de la Pen\u00ednsula: el aragon\u00e9s y el leon\u00e9s quedaron reducidos a hablas rurales regionales; el vasco, el catal\u00e1n y el gallego subsistieron, pero sus hablantes aprendieron tambi\u00e9n castellano\u201d (Vidal de Battini. 1954, p. 27).&nbsp;</p><p>En 1492 s\u00e9 escribi\u00f3 la primera gram\u00e1tica del castellano, su autor, Antonio de Nebrija, se la entreg\u00f3 a la reina bajo el lema: \u201cla lengua es compa\u00f1era del imperio\u201d. La lengua que lleg\u00f3 a Am\u00e9rica fue el resultado de la disputa por determinar cu\u00e1l ser\u00eda la norma de comunicaci\u00f3n. Esta idea da cuenta de la asociaci\u00f3n entre lengua y proyecto pol\u00edtico, un idioma oficial como capacidad de ordenar, \u201cla lengua acompa\u00f1a org\u00e1nicamente al ordenamiento de la ciudadan\u00eda, podr\u00eda adaptarse a compa\u00f1era del Estado, gran herramienta de organizaci\u00f3n e identificaci\u00f3n de los ciudadanos.\u201d (Lopez Garcia, Mar\u00eda. 2023. Pp.92 y 93)</p><p><b>Bibliograf\u00eda:</b></p><p>- Vidal de Battini, Berta. (1954) <i>El espa\u00f1ol de la Argentina</i>. Buenos Aires. Ministerio de Educaci\u00f3n de la Naci\u00f3n</p><p><a href=\"http://www.bnm.me.gov.ar/giga1/documentos/EL002259.pdf\" target=\"\" rel=\"\"><span>Vidal de Battini, Berta. 1954. <i>El espa\u00f1ol de la Argentina</i>.</span></a></p><p>- Lopez Garcia, Mar\u00eda. (2003) <i>\u00bfEst\u00e1 bien dicho? Hablar y escribir m\u00e1s all\u00e1 de la ortograf\u00eda y el diccionario</i>. Buenos Aires. Tilde Editora.</p></span>"}}, {"background": {}, "date": "", "location": {"icon": "//uploads.knightlab.com/storymapjs/4d200f1dc1552e80fbe6519730afa818/historia-del-espanol-de-la-argentina/_images/noun-speaking-sin-letras.gif", "iconSize": [33.919239904988125, 48], "lat": 39.474518, "line": true, "lon": -6.371676, "use_custom_marker": true, "zoom": 12}, "media": {"caption": "Mapa de Extremadura.", "credit": "Wikimedia Commons", "url": "https://upload.wikimedia.org/wikipedia/commons/0/04/Mapa_de_Estremadura%2C_por_Tom%C3%A1s_L%C3%B3pez_%281756%29.jpg"}, "text": {"headline": "Estructura social de la migraci\u00f3n espa\u00f1ola - Extremadura", "text": "<span><p>Extremadura, la \u201ctierra de los conquistadores\u201d, de all\u00ed salieron los principales conquistadores en la primera etapa (Cort\u00e9z, Pizarro, Orellana). Viajaron a Am\u00e9rica distintos grupos sociales de la sociedad espa\u00f1ola, grupos de diferente composici\u00f3n social y profesional, lo que determin\u00f3 la diversidad ling\u00fc\u00edstica y las variedades del espa\u00f1ol que luego se expandieron en Am\u00e9rica.&nbsp;&nbsp;&nbsp;</p><p>La poblaci\u00f3n de C\u00e1ceres se predispon\u00eda a emigrar a lugares distantes con distintas motivaciones, sobre todo en la b\u00fasqueda de mejores oportunidades, la posibilidad de mejorar su posici\u00f3n social tanto individual como familiar. La tradici\u00f3n de migraci\u00f3n se encontraba arraigada en esta poblaci\u00f3n y la instituci\u00f3n familiar estructuraba este proceso. Las jerarqu\u00edas tambi\u00e9n fueron exportadas de Espa\u00f1a a Am\u00e9rica, el traslado de sirvientes y esclavos por parte de los conquistadores era una pr\u00e1ctica frecuente. Igualmente, las formas de legitimidad y poder fueron distintas, as\u00ed, por ejemplo, la alta nobleza espa\u00f1ola no ten\u00eda un correlato de prestigio, honor o poder en la Am\u00e9rica colonial.</p><p><b>Bibliograf\u00eda:&nbsp;</b></p><p>- Altman, Ida. (1992) <i>Emigrantes y sociedad. Extremadura y Am\u00e9rica en el siglo XVI</i>. Madrid, Alianza (cap\u00edtulo V. \u201cEl movimiento hacia el Nuevo Mundo\u201d).</p><p><a href=\"https://drive.google.com/file/d/1EUVPbgBKoD4I4CXEfXfJNlHXhJqeyjaZ/view?usp=drive_link\" target=\"\" rel=\"\" title=\"Link: https://drive.google.com/file/d/1EUVPbgBKoD4I4CXEfXfJNlHXhJqeyjaZ/view?usp=drive_link\">Altman, Ida 1992. <i>Emigrantes y sociedad. Extremadura y Am\u00e9rica en el siglo XVI</i></a></p></span>"}}, {"date": "", "location": {"icon": "//uploads.knightlab.com/storymapjs/4d200f1dc1552e80fbe6519730afa818/historia-del-espanol-de-la-argentina/_images/noun-speaking-sin-letras.gif", "iconSize": [33.919239904988125, 48], "lat": 37.389416, "line": true, "lon": -5.992558, "use_custom_marker": true, "zoom": 12}, "media": {"caption": "Imagen sevilla, pintura hacia 1576 o 1600. Autor: Attributed to Alonso S\u00e1nchez Coello.", "credit": "Wikimedia Commons.", "url": "https://upload.wikimedia.org/wikipedia/commons/thumb/f/f6/La_sevilla_del_sigloXVI.jpg/800px-La_sevilla_del_sigloXVI.jpg"}, "text": {"headline": "Estructura social de la migraci\u00f3n espa\u00f1ola - Sevilla", "text": "A partir de la conquista, Sevilla se convirti\u00f3 en el puerto de salida hacia Am\u00e9rica. Estaba conformada por una poblaci\u00f3n de origen diverso, donde llegaban numerosos inmigrantes, era una sociedad cosmopolita. De aqu\u00ed zarp\u00f3 Pizarro, quien luego lider\u00f3 la conquista del Per\u00fa.<span><p><b>Fuente:</b>&nbsp;&nbsp;<a href=\"https://es.wikipedia.org/wiki/Historia_de_Sevilla\" target=\"\" rel=\"\" title=\"Link: https://es.wikipedia.org/wiki/Historia_de_Sevilla\">https://es.wikipedia.org/wiki/Historia_de_Sevilla</a></p></span>"}}, {"date": "", "location": {"icon": "//uploads.knightlab.com/storymapjs/4d200f1dc1552e80fbe6519730afa818/historia-del-espanol-de-la-argentina/_images/Icono habla con espada.png", "iconSize": [48, 43.67656090071648], "lat": 19.182436, "line": true, "lon": -72.434515, "use_custom_marker": true, "zoom": 12}, "media": {"caption": "", "credit": "Carl Ferrero", "url": "https://i.pinimg.com/736x/84/9a/49/849a49a0f1658dc79c950807b8cdc09e.jpg"}, "text": {"headline": "La difusi\u00f3n del espa\u00f1ol (Islas del caribe) - Lenguas Ind\u00edgenas", "text": "<span><p>Los primeros conquistadores llegaron a las islas del caribe y luego continuaron su ruta por el continente americano. Los pueblos americanos hablaban muy diversas lenguas, que luego fueron categorizadas en familias ling\u00fc\u00edsticas desde la cultura occidental. La conquista no fue s\u00f3lo pol\u00edtica, econ\u00f3mica y religiosa, sino que tambi\u00e9n fundamentalmente ling\u00fc\u00edstica. Las tensiones ocurrieron con las lenguas que ya se hablaban en el territorio a las que los conquistadores espa\u00f1oles les superpusieron (impusieron) la lengua colonial (Lopez Garcia, Mar\u00eda. 2023). Si bien la situaci\u00f3n y la historia de cada una de estas lenguas tiene su trayectoria particular, todas comparten la caracter\u00edstica de enfrentar de diversas maneras la lengua dominante. Sin embargo, a partir de la convivencia y tambi\u00e9n de la mezcla, la influencia de estas lenguas sobre el espa\u00f1ol tuvo lugar en las distintas regiones americanas, sobre todo en aquellas donde el contacto fue m\u00e1s estrecho por razones pol\u00edticas.</p><p>En la primera etapa de la conquista el castellano recibi\u00f3 gran influencia del ta\u00edno en la zona de Santo Domingo, palabras como <i><b>aj\u00ed, batata, caribe </b></i>y<i><b> canoa </b></i>provienen de estas lenguas (Vidal de Battini, B. 1954).</p><p><b>Bibliograf\u00eda:&nbsp;</b></p><p>- Lopez Garcia, Mar\u00eda. (2003) <i>\u00bfEst\u00e1 bien dicho? Hablar y escribir m\u00e1s all\u00e1 de la ortograf\u00eda y el diccionario.</i> Buenos Aires. Tilde Editora.</p><p>- Censabella Marisa. (1999) <i>Las lenguas ind\u00edgenas de la Argentina</i>. Eudeba.</p><p><a href=\"https://drive.google.com/file/d/1Gwcit4AbFrIo7z6fKh6sO0ad49Cmq6rd/view?usp=drive_link\" target=\"\" rel=\"\" title=\"Link: https://drive.google.com/file/d/1Gwcit4AbFrIo7z6fKh6sO0ad49Cmq6rd/view?usp=drive_link\">&nbsp;Censabella Marisa.1999. <i>Las lenguas ind\u00edgenas de la Argentina.</i></a></p><p>- Vidal de Battini, Berta. (1954) <i>El espa\u00f1ol de la Argentina</i>. Buenos Aires. Ministerio de Educaci\u00f3n de la Naci\u00f3n.</p><p><a href=\"http://www.bnm.me.gov.ar/giga1/documentos/EL002259.pdf\" target=\"\" rel=\"\" title=\"Link: http://www.bnm.me.gov.ar/giga1/documentos/EL002259.pdf\">Vidal de Battini, Berta. 1954. <i>El espa\u00f1ol de la Argentina.</i></a></p></span>"}}, {"date": "", "location": {"icon": "//uploads.knightlab.com/storymapjs/4d200f1dc1552e80fbe6519730afa818/historia-del-espanol-de-la-argentina/_images/Icono habla con espada.png", "iconSize": [48, 43.67656090071648], "lat": -10.151093, "line": true, "lon": -75.311132, "use_custom_marker": true, "zoom": 12}, "media": {"caption": "", "credit": "Guaman Poma de Ayala, Felipe [1615] 1988. El primero Nueva Cor\u00f3nica y buen Gobierno. M\u00e9xico. Siglo XXI", "url": "https://www.researchgate.net/profile/Gori-Tumi-Echevarria-Lopez/publication/383985782/figure/fig2/AS:11431281277733588@1726199705580/Figura-12-Primer-Capitulo-de-los-Incas-Armas-Propias-Tomado-de-Guaman-Poma.jpg"}, "text": {"headline": "Rutas de conquista y regiones ling\u00fc\u00edsticas", "text": "<span><p>A medida que avanza la conquista, se expande el espa\u00f1ol como lengua por Am\u00e9rica.&nbsp; As\u00ed, las primeras ciudades de lo que hoy es Argentina son fundadas durante el siglo XVI por corrientes provenientes de diferentes regiones: conquistadores de Per\u00fa fundan Salta, Tucum\u00e1n, Jujuy, Santiago del Est\u00e9ro y la Rioja; desde Chile fundan Mendoza y San Juan; y de Paraguay salen los fundadores de Corrientes, Santa Fe y Buenos Aires. Las distintas variedades fueron determinadas seg\u00fan la forma en que se estableci\u00f3 el contacto con las distintas lenguas de la regi\u00f3n (una relaci\u00f3n marcada por el conflicto). La conformaci\u00f3n de los Estados Nacionales y sus continuidades con las pol\u00edticas coloniales tambi\u00e9n fueron configurando estas formas de habla.&nbsp;</p><p>Entender las corrientes conquistadoras es importante ya que hasta el d\u00eda de hoy podemos reconocer diferencias en la pronunciaci\u00f3n y en las palabras que usan en las distintas provincias (las fronteras ling\u00fc\u00edsticas no coinciden con las pol\u00edticas): en el Noroeste argentino (Salta, Tucum\u00e1n, Jujuy) se comparten usos ling\u00fc\u00edsticos con Bolivia y Per\u00fa; en Misiones y Corrientes con Paraguay, con mucha presencia del guaran\u00ed, por ejemplo; y Mendoza, San Juan hay influencia de Chile.&nbsp;</p><p>En la zona del actual territorio de Per\u00fa conflu\u00edan distintas lenguas, siendo el quechua una lengua mayoritaria dado que era la lengua del imperio Incaico, que se encontraba en expansi\u00f3n al momento de la llegada de los conquistadores.&nbsp;</p><p><b>Para conocer m\u00e1s sobre la organizaci\u00f3n social incaica y su v\u00ednculo con la posterior colonizaci\u00f3n espa\u00f1ola:</b></p><p>- Stern, Steve. (1982) <i>Los Pueblos Ind\u00edgenas del Per\u00fa y el Desaf\u00edo de la Conquista Espa\u00f1ola (Cap\u00edtulo 1: Paisajes precolombinos)</i>. Madrid,&nbsp; Alianza, Ed.&nbsp;</p><p><a href=\"https://drive.google.com/file/d/12FhkI0Sv8JWRnwVTFUfl3jdLzdtarcgL/view?usp=drive_link\" target=\"\" rel=\"\" title=\"Link: https://drive.google.com/file/d/12FhkI0Sv8JWRnwVTFUfl3jdLzdtarcgL/view?usp=drive_link\">Stern, Steve 1982. <i>Los Pueblos Ind\u00edgenas del Per\u00fa y el Desaf\u00edo de la Conquista Espa\u00f1ola&nbsp;</i></a></p><p>- Rowe, John. (1982) <i>Inca policies and institutions relating to the culture unification of the Empire.</i> Collier, G. et.al. (eds). <i>The Inka and Aztec States</i> 1400 -1800. New York, Academic Press. (versi\u00f3n traducida).&nbsp;</p><p><a href=\"https://drive.google.com/file/d/1PZ84JUnglLrpDlKiraLNaU4LerIe9zmG/view?usp=drive_link\" target=\"\" rel=\"\" title=\"Link: https://drive.google.com/file/d/1PZ84JUnglLrpDlKiraLNaU4LerIe9zmG/view?usp=drive_link\">&nbsp;Rowe, John 1982. <i>Las pol\u00edticas e instituciones Incas</i></a></p><p>- Wachtel, Nathan. (1981) <i>Los mitimaes del Valle de Cochabamba: la pol\u00edtica de colonizaci\u00f3n de Wayna C\u00e1pac.</i> Journal de la Soci\u00e9t\u00e9 des Americanistes. (versi\u00f3n traducida).</p><p><a href=\"https://drive.google.com/file/d/1yXCn6xCMh0LDI8sa-7Ql3QZKxKQ3FAj3/view?usp=drive_link\" target=\"\" rel=\"\" title=\"Link: https://drive.google.com/file/d/1yXCn6xCMh0LDI8sa-7Ql3QZKxKQ3FAj3/view?usp=drive_link\">Wachtel, Nathan 1981. Los mitimaes del Valle de Cochabamba</a></p><p>- Moseley, Michael. (1992) The Incas and Their Ancestors: the Archeology of Peru. London, Thames &amp; Hudson. Cap. III: 49-79. Traducci\u00f3n Axel Nielsen.</p><p><a href=\"https://drive.google.com/file/d/1r_8PuHckOY0Df8cnom7cI-ABtpVQLD15/view?usp=drive_link\" target=\"\" rel=\"\">Moseley, Michael. 1992. Los Incas y sus ancestros, Cap 3</a></p></span>"}}, {"date": "", "location": {"icon": "//uploads.knightlab.com/storymapjs/4d200f1dc1552e80fbe6519730afa818/historia-del-espanol-de-la-argentina/_images/Icono habla con espada.png", "iconSize": [48, 43.67656090071648], "lat": -26.83037, "line": true, "lon": -65.203813, "use_custom_marker": true, "zoom": 12}, "media": {"caption": "", "credit": "Museo de la Lengua - UNGS", "url": "//uploads.knightlab.com/storymapjs/4d200f1dc1552e80fbe6519730afa818/historia-del-espanol-de-la-argentina/_images/Mapa_Regiones_Espaniol_Argentina chico-01.jpg"}, "text": {"headline": "La corriente colonizadora del Noroeste", "text": "<span><p>Se piensa que a la llegada de los espa\u00f1oles, se hablaban alrededor de 35 lenguas en el territorio que corresponde hoy a Argentina. La cantidad de lenguas es orientativa y depende de los criterios de clasificaci\u00f3n. Hay varias lenguas originarias que han sido declaradas oficiales y cooficiales en varios pa\u00edses de la regi\u00f3n (Colombia, Paraguay, Bolivia, Per\u00fa, etc). En Argentina, se oficializaron algunas a nivel provincial: el guaran\u00ed, en Corrientes en 2004, y el moqoit, el qom y wich\u00ed, en el Chaco. Se presentaron proyectos de ley para el wichi en Salta y el mapudungun en Neuqu\u00e9n (Nercesian. V. 2021).</p><p>La autora Vidal de Battini elabor\u00f3 una delimitaci\u00f3n de regiones ling\u00fc\u00edsticas del espa\u00f1ol que se habla en la Argentina a partir de las rutas de conquista y el contacto con todas estas lenguas. La corriente del Noroeste \u201cvino del Per\u00fa. Penetr\u00f3 en el actual territorio argentino por el camino del inca y por la Quebrada de Humahuaca. Conquist\u00f3 y coloniz\u00f3 el territorio que los espa\u00f1oles llamaron la provincia de Tucuman, que comprend\u00eda las actuales provincias de Jujuy, Salta, Tucuman, Santiago del Estero, La Rioja, Catamarca, C\u00f3rdoba y una parte del Chaco. Diego de Rojas descubri\u00f3 Tucum\u00e1n en su famosa entrada en 1543. Nu\u00f1es del Prado fund\u00f3 las tres desaparecidas ciudades del Barco, la primera en 1550 (...) Fransico de Aguirre fund\u00f3 en 1553 la ciudad de Santiago del Estero, la m\u00e1s antigua de las ciudades argentinas (...) Gran n\u00famero de ciudades se fundaron en la regi\u00f3n, pero la mayor\u00eda desapareci\u00f3, casi siempre destruida por los indios (...)\u201d (Vidal de Battini, B. 1954, p. 36).</p><p><strong>Bibliograf\u00eda</strong>&nbsp;</p><p>- Nercesian. V. (2021) <em>Cap\u00edtulo 3: Las lenguas del mundo.</em> En Ciapuscio, G. y Adelstein, A. (coords) <em>La ling\u00fc\u00edstica: una introducci\u00f3n a sus principales preguntas.</em> Buenos Aires: Eudeba.</p><p>- Censabella Marisa. (1999) <em>Las lenguas ind\u00edgenas de la Argentina.</em> Eudeba.</p><p><a href=\"https://drive.google.com/file/d/1Gwcit4AbFrIo7z6fKh6sO0ad49Cmq6rd/view?usp=drive_link\" target=\"\" rel=\"\" title=\"Link: https://drive.google.com/file/d/1Gwcit4AbFrIo7z6fKh6sO0ad49Cmq6rd/view?usp=drive_link\">&nbsp;Censabella Marisa. (1999)&nbsp;<em>Las lenguas ind\u00edgenas de la Argentina</em>.</a></p><p>- Vidal de Battini, Berta. (1954) <em>El espa\u00f1ol de la Argentina</em>. Buenos Aires. Ministerio de Educaci\u00f3n de la Naci\u00f3n.</p><p><a href=\"http://www.bnm.me.gov.ar/giga1/documentos/EL002259.pdf\" target=\"\" rel=\"\" title=\"Link: http://www.bnm.me.gov.ar/giga1/documentos/EL002259.pdf\">Vidal de Battini, Berta. 1954. <em>El espa\u00f1ol de la Argentina.</em></a></p><p>-&nbsp;<a href=\"https://drive.google.com/file/d/1rE1Nktzt9gAUveSbhL7_V-5kiToW37uz/view?usp=drive_link\" target=\"\" rel=\"\" title=\"Link: https://drive.google.com/file/d/1rE1Nktzt9gAUveSbhL7_V-5kiToW37uz/view?usp=drive_link\">Mapa - Variedades regionales del espa\u00f1ol de la Argentina: Museo de la Lengua - UNGS</a></p><div></div></span>"}}, {"date": "", "location": {"icon": "//uploads.knightlab.com/storymapjs/4d200f1dc1552e80fbe6519730afa818/historia-del-espanol-de-la-argentina/_images/logo-ojotas.png", "iconSize": [30, 48], "lat": -27.78901, "line": true, "lon": -64.260727, "use_custom_marker": true, "zoom": 12}, "media": {"caption": "", "credit": "Serie documental \u201cpeque\u00f1os universos\u201d Canal encuentro. 2013 capitulo:  M\u00fasica Quechua // El latido de Am\u00e9rica Latina", "url": "https://www.youtube.com/watch?v=ug5uLqm0raI"}, "text": {"headline": "Regi\u00f3n ling\u00fc\u00edstica del NOA", "text": "<span><p>La delimitaci\u00f3n de las regiones ling\u00fc\u00edsticas es una conceptualizaci\u00f3n en constante movimiento y con fronteras difusas, los criterios son cambiantes y en general no coinciden con las fronteras pol\u00edticas. En el territorio Argentino una de las regiones con mayor antig\u00fcedad en el contacto ling\u00fc\u00edstico fue el Noroeste, con las primeras encomiendas del Siglo XVI. Los motivos del prolongado contacto fueron la integraci\u00f3n masiva de ind\u00edgenas en la econom\u00eda colonial, la gran extensi\u00f3n de esta lengua antes de la conquista y la utilizaci\u00f3n de la misma como lengua francas en la colonizaci\u00f3n de otros pueblos (Avellana y Kornfeld, 2012). Por eso, el quechua result\u00f3 una lengua con gran influencia en el espa\u00f1ol de esta regi\u00f3n que comprende Jujuy, Salta, Tucum\u00e1n, Santiago del Estero, Catamarca, La Rioja, el norte de San Juan, el norte de San Luis y el noroeste de C\u00f3rdoba.&nbsp;</p><p>Dentro de la caracterizaci\u00f3n general de esta variedad se incluyen numerosos quechuismos, por ejemplo, del quechua proviene la palabra <i><b>cancha</b></i> (previa al f\u00fatbol), la palabra <b><i>mate</i></b> viene del quechua <i>mati</i>, que significa \u201ccalabacita\u201d, la bebida y el objeto donde se la toma. <i><b>Yapa</b></i> (a\u00f1adidura o suplemento), y otras como, <i><b>ojota</b></i>, <i><b>pupo</b></i>, <i><b>chaucha</b></i> y <b><i>changa</i></b>.</p><p><b>Bibliograf\u00eda:</b>&nbsp;</p><p>- Vidal de Battini, Berta. (1954) <i>El espa\u00f1ol de la Argentina</i>. Buenos Aires. Ministerio de Educaci\u00f3n de la Naci\u00f3n.</p><p><a href=\"http://www.bnm.me.gov.ar/giga1/documentos/EL002259.pdf\" target=\"\" rel=\"\" title=\"Link: http://www.bnm.me.gov.ar/giga1/documentos/EL002259.pdf\">Vidal de Battini, Berta. 1954. <i>El espa\u00f1ol de la Argentina</i>.</a></p><p>- Avellana. A y Kornfeld. L.M. (2012) <i>El Espa\u00f1ol de La Argentina y El Contacto Con Lenguas Ind\u00edgenas</i>. Buenos Aires. Universidad Nacional de General Sarmiento</p></span>"}}, {"date": "", "location": {"icon": "//uploads.knightlab.com/storymapjs/4d200f1dc1552e80fbe6519730afa818/historia-del-espanol-de-la-argentina/_images/Icono habla con espada.png", "iconSize": [48, 43.67656090071648], "lat": 36.53099, "line": true, "lon": -6.29562, "use_custom_marker": true, "zoom": 12}, "media": {"caption": "Destrucci\u00f3n de la primera Buenos Aires por los abor\u00edgenes (obra de finales de 1598).", "credit": "Wikicommons", "url": "https://upload.wikimedia.org/wikipedia/commons/thumb/0/0e/Houghton_US_2257.154_-_Buenas_Aeres.jpg/1280px-Houghton_US_2257.154_-_Buenas_Aeres.jpg"}, "text": {"headline": "Pedro de mendoza - Corriente colonizadora del R\u00edo de la Plata", "text": "<span><p>El 24 de agosto de 1535, Mendoza zarp\u00f3 del puerto de Sanl\u00facar de Barrameda, provincia de Cadiz, Espa\u00f1a, al mando de su expedici\u00f3n. La expedici\u00f3n de Mendoza se adentr\u00f3 en el R\u00edo de la Plata a mediados de enero de 1536 y desembarc\u00f3 en la isla San Gabriel, frente a la actual ciudad de Colonia del Sacramento. \"As\u00ed se inici\u00f3 la corriente colonizadora del R\u00edo de la Plata, cuyo centro de colonizaci\u00f3n comenz\u00f3 en Asunci\u00f3n\" (Vidal de Battini, 1960. p. 35).</p><p><strong>Fuente:&nbsp;</strong><a href=\"https://es.wikipedia.org/wiki/Pedro_de_Mendoza\" target=\"\" rel=\"\">https://es.wikipedia.org/wiki/Pedro_de_Mendoza</a></p><p><strong>Bibliograf\u00eda:</strong>&nbsp;<br></p><div><p>- Vidal de Battini, Berta. (1954)&nbsp;<em>El espa\u00f1ol de la Argentina</em>. Buenos Aires. Ministerio de Educaci\u00f3n de la Naci\u00f3n.</p><p><a href=\"http://www.bnm.me.gov.ar/giga1/documentos/EL002259.pdf\" target=\"\" rel=\"\">Vidal de Battini, Berta. 1954.&nbsp;<em>El espa\u00f1ol de la Argentina.</em></a></p></div></span>"}}, {"date": "", "location": {"icon": "//uploads.knightlab.com/storymapjs/4d200f1dc1552e80fbe6519730afa818/historia-del-espanol-de-la-argentina/_images/Icono habla con espada.png", "iconSize": [48, 43.67656090071648], "lat": -25.280046, "line": true, "lon": -57.634381, "use_custom_marker": true, "zoom": 12}, "media": {"caption": "Asunci\u00f3n en 1615", "credit": "Felipe Guam\u00e1n Poma de Ayala. Wikimedia Commons", "url": "https://upload.wikimedia.org/wikipedia/commons/2/20/Asunci%C3%B3n%2C_Paraguay%2C_in_1615_by_Guam%C3%A1n_Poma.jpg"}, "text": {"headline": "Corriente colonizadora del R\u00edo de la Plata", "text": "<span><p>As\u00ed se inici\u00f3 la corriente colonizadora del R\u00edo de la Plata, cuyo centro de colonizaci\u00f3n comenz\u00f3 en Asunci\u00f3n. (Vidal de Battini,&nbsp;1960, p. 35). Desde aqu\u00ed se va a conformar la regi\u00f3n ling\u00fc\u00edstica guaran\u00edtica, de ah\u00ed las similitudes en el habla de las provincias argentinas que limitan con Paraguay. Este es un pa\u00eds biling\u00fce, donde el guaran\u00ed es una lengua oficial.&nbsp;</p><p><strong>Bibliograf\u00eda:&nbsp;</strong></p><p>- Vidal de Battini, Berta. (1954) <em>El espa\u00f1ol de la Argentina. </em>Buenos Aires. Ministerio de Educaci\u00f3n de la Naci\u00f3n.</p><p><a href=\"http://www.bnm.me.gov.ar/giga1/documentos/EL002259.pdf\" target=\"\" rel=\"\">Vidal de Battini, Berta. 1954. <em>El espa\u00f1ol de la Argentina</em></a></p><div><br></div></span>"}}, {"date": "", "location": {"icon": "//uploads.knightlab.com/storymapjs/4d200f1dc1552e80fbe6519730afa818/historia-del-espanol-de-la-argentina/_images/logo-chip\u00e1.png", "iconSize": [30, 48], "lat": -27.366482, "line": true, "lon": -55.894295, "use_custom_marker": true, "zoom": 12}, "media": {"caption": "", "credit": "Ha\u2019e Kuera \u00d1ande Kuera", "url": "https://www.youtube.com/watch?v=wNkUvNEhWX0&list=PLlZqlpIQrJjEWjZlBOeg44BtpEAdJ3Xo9&index=3"}, "text": {"headline": "Regi\u00f3n ling\u00fc\u00edstica guaran\u00edtica", "text": "<span><p>\u201cEn 1573 Garay fund\u00f3 la ciudad de Santa Fe con 80 hombres de los cuales s\u00f3lo 9 eran espa\u00f1oles; en 1580 fund\u00f3 la ciudad de Buenos Aires con 60 colonos, de los cuales 10 eran espa\u00f1oles. En 1588 se fund\u00f3 la ciudad de Corrientes (...)\u201d (Vidal de Battini,1954, p.35).&nbsp;</p><p>La regi\u00f3n ling\u00fc\u00edstica guaran\u00edtica se conform\u00f3 a partir de esta ruta y comprende las actuales provincias de Corrientes, Misiones, el este de Formosa y el Chaco. Esta regi\u00f3n posee una gran influencia del guaran\u00ed, que al igual que el NOA es una de las regiones con mayor antig\u00fcedad en el contacto ling\u00fc\u00edstico por motivos similares al comentado con el quechua.</p><p>Del guaran\u00ed, entre otras, usamos palabras para designar animales nativos de Sudam\u00e9rica como <strong><em>\u00f1and\u00fa</em></strong> o <strong><em>yacar\u00e9</em></strong>, o para frutas propias de Sudam\u00e9rica como<em><strong> anan\u00e1</strong></em> o <em><strong>maracuy\u00e1</strong></em>. Tambi\u00e9n las palabras <strong><em>poror\u00f3</em></strong> (pochoclo. explosi\u00f3n o explotar), <strong><em>Omb\u00fa</em></strong> (sombra o bulto oscuro) y <strong><em>Chip\u00e1</em></strong> son palabras que provienen de esta lengua y dan cuenta de que muchas palabras que se usan hoy y que son pilares de la identidad argentina, no vienen del espa\u00f1ol de peninsular.</p><p><strong>Bibliograf\u00eda:&nbsp;</strong></p><p>- Vidal de Battini, Berta. (1954) <em>El espa\u00f1ol de la Argentina.</em> Buenos Aires. Ministerio de Educaci\u00f3n de la Naci\u00f3n.</p><p><a href=\"http://www.bnm.me.gov.ar/giga1/documentos/EL002259.pdf\" target=\"\" rel=\"\">Vidal de Battini, Berta. 1954. <em>El espa\u00f1ol de la Argentina</em>.</a></p><p><b>Otros Recursos audiovisuales:</b></p><p><a href=\"https://www.youtube.com/watch?v=PAnAz_PQL90&amp;t=1s\" target=\"\" rel=\"\"><span>Peque\u00f1os Universos - Chamamecera Corrientes - Canal Encuentro</span></a></p></span>"}}, {"date": "", "location": {"icon": "//uploads.knightlab.com/storymapjs/4d200f1dc1552e80fbe6519730afa818/historia-del-espanol-de-la-argentina/_images/logo-pibe-palabra.png", "iconSize": [30, 48], "lat": -34.607568, "line": true, "lon": -58.437089, "use_custom_marker": true, "zoom": 12}, "media": {"caption": "", "credit": "Lunfardo Argento Ep. 1", "url": "https://youtu.be/6DH7BtuVyDQ?si=oahw4yEW7TClE9Ml"}, "text": {"headline": "Regi\u00f3n ling\u00fc\u00edstica Litoral", "text": "<span><p>De la misma corriente colonizadora se desprendi\u00f3 la regi\u00f3n ling\u00fc\u00edstica del Litoral, que comprende \u201cla ciudad y la provincia de Buenos Aires, la casi totalidad de Santa Fe, zona de Entre R\u00edos y La Pampa y la Patagonia.\u201d (Vidal de Battini,1954, pp.73 y 74). Esta variedad es la que se constituy\u00f3 como variedad de prestigio nacional, que suele coincidir con la variedad que se ense\u00f1a en las escuelas e instituciones educativas, la de diccionarios y manuales, la que llamamos variedad est\u00e1ndar. Maria Lopez Garcia (2023) la define de la siguiente manera: \u201ces la variedad ling\u00fc\u00edstica seleccionada (en general, por el Estado) con la finalidad de unificar y homogeneizar las formas ling\u00fc\u00edsticas dentro de un territorio. Es decir que, detr\u00e1s del est\u00e1ndar ling\u00fc\u00edstico siempre hay una motivaci\u00f3n administrativa, pol\u00edtica.\u201d (Maria Lopez Garc\u00eda, 2023, p. 96).</p><p>Si bien cada variedad puede tener su est\u00e1ndar, la de prestigio del pa\u00eds es la \u00fanica que exporta sus usos y se conoce en todos lados, esto tiene que ver con procesos socio hist\u00f3ricos de pujas de poder que se ven reflejados en las lenguas. Un ejemplo de esto es que la variedad predominante en los medios masivos de comunicaci\u00f3n es la de prestigio.&nbsp;</p><p>El habla popular caracter\u00edstico de esta regi\u00f3n y especialmente de Buenos Aires, se form\u00f3 tanto a partir del contacto con las lenguas ind\u00edgenas, como a partir de gran cantidad de lenguas de la inmigraci\u00f3n que llegaron masivamente a la ciudad desde la segunda mitad del siglo XIX. Palabras como<b><i> laburar</i></b> y <b><i>pibe</i></b> provienen del italiano, <b><i>bondi</i></b> del portugu\u00e9s de Brasil, <b><i>guita</i></b> del cal\u00f3 de los gitanos. <b><i>Pucho</i></b> proviene del quechua y <b><i>pilcha</i></b> del Mapuzungun.&nbsp;</p><p>El habla urbana y coloquial que surge a ra\u00edz de estos fen\u00f3menos es lo que denominamos Lunfardo y se form\u00f3 tanto por pr\u00e9stamos de otras lenguas como a partir de palabras resignificadas como<b><i> bot\u00f3n</i></b> y <b><i>campana</i></b>; y por procedimientos ling\u00fc\u00edsticos como el \u201cvesre\u201d que consiste en invertir el orden de las s\u00edlabas, como <b><i>lleca</i></b> por <i>calle</i>; <b><i>lorca</i></b> por calor, y <b><i>rioba</i></b> por <i>barrio</i>.</p><p><b>Bibliograf\u00eda:&nbsp;</b></p><p>- Vidal de Battini, Berta. (1954) <i>El espa\u00f1ol de la Argentina</i>. Buenos Aires. Ministerio de Educaci\u00f3n de la Naci\u00f3n.</p><p><a href=\"http://www.bnm.me.gov.ar/giga1/documentos/EL002259.pdf\" target=\"\" rel=\"\" title=\"Link: http://www.bnm.me.gov.ar/giga1/documentos/EL002259.pdf\">Vidal de Battini, Berta. 1954. <i>El espa\u00f1ol de la Argentina.</i></a></p><p><b>Para conocer m\u00e1s sobre el Lunfardo:</b></p><p>- Conde, Oscar. (2011) <i>Hacia una definici\u00f3n del lunfardo, en Lunfardo. Un estudio</i></p><p><i>sobre el habla popular de los argentinos</i>. Buenos Aires: Taurus.</p><p><a href=\"https://drive.google.com/file/d/1-yg0ZyRmq61VHyUrlTujMyjOYbdRCD3I/view?usp=drive_link\" target=\"\" rel=\"\" title=\"Link: https://drive.google.com/file/d/1-yg0ZyRmq61VHyUrlTujMyjOYbdRCD3I/view?usp=drive_link\">Conde, Oscar. 2011. <i>Lunfardo</i></a></p><p>- Gobello, Jos\u00e9. (1995) <i>El lunfardo</i>. Buenos Aires: Academia porte\u00f1a del Lunfardo.</p><p><a href=\"https://drive.google.com/file/d/1wqEJYm76GHt_4mQm-HYi2BYnqjcMF5a5/view?usp=drive_link\" target=\"\" rel=\"\" title=\"Link: https://drive.google.com/file/d/1wqEJYm76GHt_4mQm-HYi2BYnqjcMF5a5/view?usp=drive_link\">Gobello, Jos\u00e9. (1995) El lunfardo.&nbsp;</a></p><p><b>Otros materiales:</b></p><p>- Conde, Oscar (2003) <i>Diccionario etimol\u00f3gico del lunfardo</i>. Buenos Aires: Taurus.</p>- <a href=\"https://untref.edu.ar/diccionario/\" target=\"\" rel=\"\">UNTREF | Diccionario Latinoamericano de la Lengua Espa\u00f1ola</a><span> (Online y colaborativo)</span></span>"}}, {"date": "", "location": {"icon": "//uploads.knightlab.com/storymapjs/4d200f1dc1552e80fbe6519730afa818/historia-del-espanol-de-la-argentina/_images/Icono-pilcha-con-palabra2.gif", "iconSize": [27, 48], "lat": -41.13463, "line": true, "lon": -71.309608, "use_custom_marker": true, "zoom": 12}, "media": {"caption": "Entrevista a Moira Millan.", "credit": "Proyecto Ballena T/tierra | Conferencias conversadas | Moira Mill\u00e1n y Julia Rosemberg", "url": "https://www.youtube.com/watch?v=1J5Ad5nCCwU"}, "text": {"headline": "Influencia de las lenguas de la Patagonia - Mapuzungun", "text": "<p>En el sur del pa\u00eds, la lengua espa\u00f1ola llega m\u00e1s tard\u00edamente en un proceso de conquista por parte del ya constituido Estado Nacional Argentino, por eso en la delimitaci\u00f3n de las variedades regionales la Patagonia forma una misma regi\u00f3n dialectal con el r\u00edo de la Plata - Litoral.</p><p>\u201cLa pol\u00edtica del Estado desde los a\u00f1os&nbsp;80 apuntaba a la construcci\u00f3n de una identidad nacional que unificara al <em>pueblo argentino</em>, por lo que la instalaci\u00f3n del espa\u00f1ol como lengua nacional y por lo tanto hegem\u00f3nica fue una pol\u00edtica indiscutible\" (Carri\u00f3.C. 2014, Pp 154).&nbsp;El objetivo fue homogeneizar y eliminar la diversidad. En esta direcci\u00f3n se enmarca la llamada conquista del desierto, campa\u00f1a militar a partir de la cual se realiz\u00f3 una expropiaci\u00f3n de tierras a los pueblos originarios y la adjudicaci\u00f3n de esas tierras a unos pocos terratenientes vinculados al poder. Los pueblos originarios de estos territorios, si bien en algunas circunstancias lograron alg\u00fan tipo de resistencia (y lo siguen haciendo), en una relaci\u00f3n desigual, muchos fueron desplazados e incorporados al mercado laboral como mano de obra barata. En ese contexto se impuso el espa\u00f1ol de modo forzoso (Carri\u00f3.C. 2014).&nbsp;</p><span><p>\"<em>Desiertos</em>&nbsp;llamaron los winka a los lugares no habitados por ellos. Reci\u00e9n cuando vinieron ellos, se transformaron los lugares poblados en desiertos\" (Kaiun - Testimonio en Malvestitti y Delrio, 2018. p.58).</p><p>Malvestitti y Delrio comentan c\u00f3mo convivi\u00f3 una tensi\u00f3n entre mantenimiento y el desplazamiento del mapuzungun a lo largo del siglo xx. A partir de su trabajo de campo escriben: \u201cEllos nos refirieron situaciones comunitarias y de la intimidad del hogar en las que el mapuzungun estuvo presente o bien fue reprimido en el transcurso de su vida, a las que accedieron por conocimiento directo\u201d. (Malvestitti y Delrio, 2018, p.24).&nbsp;</p><p>A pesar de estas situaciones, palabras como&nbsp;<strong><em>pilcha</em></strong> (pulcha - arruga) y<strong><em>&nbsp;gualicho</em></strong> (hechizo da\u00f1ino) (walleechu: nombre dado al esp\u00edritu del mal), que se suelen utilizar en el espa\u00f1ol de toda esta regi\u00f3n linguistica,&nbsp;provienen del mapuzungun.</p></span><span><p><strong>Bibliograf\u00eda</strong></p><p>- Carri\u00f3 Cintia. (2014) <em>Lenguas en Argentina. Notas sobre algunos desaf\u00edos</em>. En Laura Malena Kornfeld - compiladora. <em>De lenguas, ficciones y patrias</em>. Universidad Nacional de General Sarmiento.</p><p>- Delrio W, D. Escolar, D.Lenton y M. Malvestitti (comps.). (2018) <em>En el pa\u00eds de nomeacuerdo. Archivos y memorias del genocidio del Estado argentino sobre los pueblos originarios, 1870 -1950. S. C</em>. de Bariloche: Editorial UNRN.</p><p><a href=\"https://editorial.unrn.edu.ar/index.php/catalogo/346/view_bl/61/aperturas/61/en-el-pais-de-nomeacuerdo?tab=getmybooksTab&amp;is_show_data=1\" target=\"\" rel=\"\">Delrio W, D. Escolar, D.Lenton y M. Malvestitti (comps.). (2018) <em>En el pa\u00eds de nomeacuerdo</em></a></p><p><strong>Para conocer m\u00e1s respecto a la historia de la Patagonia y los procesos de revitalizaci\u00f3n ling\u00fc\u00edstica:</strong></p><p>- Mariano, H.; F. Hasler, R. Becerra y S. Mayo. (2019) <em>Witrampuramael mapudungun pichikeche kimelwe rukamew: Experiencia de revitalizaci\u00f3n de la lengua mapuche en un Jard\u00edn Infantil Intercultural de Santiago de Chile</em>. En Golluscio, L., P. Pacor, F. Ciccone y M. Krasan (comps.). <em>Ling\u00fc\u00edstica de la documentaci\u00f3n. Textos fundacionales y proyecciones en Argentina</em>, Buenos Aires: EUDEBA.</p><p>-Lazzari, A. (2012) <em>Historias y reemergencias de los pueblos ind\u00edgenas.</em> En <em>EXPLORA las ciencias en el mundo contempor\u00e1neo. Programa de capacitaci\u00f3n multimedial.</em> Buenos Aires: Ministerio de Educaci\u00f3n de la Naci\u00f3n, Presidencia de la Naci\u00f3n.</p><p><strong>Otros recursos audiovisuales:</strong></p><p>- Mapa desplazamientos en Delrio W, D. Escolar, D.Lenton y M. Malvestitti&nbsp;</p><p></p><p></p><p></p><p><a href=\"https://books.openedition.org/eunrn/file/1259/tei/img-1.jpg/download\" target=\"\" rel=\"\" title=\"Link: https://books.openedition.org/eunrn/file/1259/tei/img-1.jpg/download\">https://books.openedition.org/eunrn/file/1259/tei/img-1.jpg/download</a></p><p>- Archivo de los Idiomas Ind\u00edgenas de Latinoam\u00e9rica (AILLA)</p><p><a href=\"https://ailla.utexas.org/sets/13265/\" target=\"\" rel=\"\">https://ailla.utexas.org/sets/13265/</a></p><p>- Cancion SIN COMBATE | Treng Treng Kay Kay&nbsp;</p><p><a href=\"https://youtu.be/VtUK_lxLqQo?si=7b9WGom05FVlVYR_\" target=\"\" rel=\"\">SIN COMBATE | Treng Treng Kay Kay&nbsp;</a><br></p><div></div></span>"}}, {"date": "", "location": {"icon": "//uploads.knightlab.com/storymapjs/4d200f1dc1552e80fbe6519730afa818/historia-del-espanol-de-la-argentina/_images/Icono mona gimenez.png", "iconSize": [48, 39.129113924050635], "lat": -31.420469, "line": true, "lon": -64.187394, "use_custom_marker": true, "zoom": 12}, "media": {"caption": "", "credit": "\"Peque\u00f1os universos\" de Canal Encuentro.", "url": "https://www.youtube.com/watch?v=89nJNGFstDI"}, "text": {"headline": "Regi\u00f3n ling\u00fc\u00edstica central", "text": "<span><p>Vidal de Vattini define esta zona de la siguiente manera: \u201cConsideramos las Provincias de C\u00f3rdoba y San Luis, como una gran zona de l\u00edmites abiertos (...) La Zona ling\u00fc\u00edstica central de cada una de estas dos provincias se une, gradualmente, con las tres zonas ling\u00fc\u00edsticas del Litoral, la de San Luis, con la del Noroeste, con la de Cuyo y con la del Litoral\u201d (Vidal de Battini, 1954, p. 78). En esta zona se habla con una entonaci\u00f3n propia, la tonada cordobesa (en C\u00f3rdoba), y la tonada puntana (en san luis), con influencia de la lenguas nativas de esa regi\u00f3n, de los pueblos henia-kamiare.</p><p><strong>Bibliograf\u00eda:</strong></p><p>- Vidal de Battini, Berta. (1954) <em>El espa\u00f1ol de la Argentina</em>. Buenos Aires. Ministerio de Educaci\u00f3n de la Naci\u00f3n.</p><p><a href=\"http://www.bnm.me.gov.ar/giga1/documentos/EL002259.pdf\" target=\"\" rel=\"\">Vidal de Battini, Berta. 1954. <em>El espa\u00f1ol de la Argentina</em>.</a></p><p><strong>Video completo:&nbsp;</strong></p><p><a href=\"https://www.youtube.com/watch?v=TsF8u5n32Lk\" target=\"\" rel=\"\"><span>PEQUE\u00d1OS UNIVERSOS TEMP 2 CAP :10 C\u00f3rdoba: Cuarteto</span></a></p><div><br></div></span>"}}, {"date": "", "location": {"icon": "//uploads.knightlab.com/storymapjs/4d200f1dc1552e80fbe6519730afa818/historia-del-espanol-de-la-argentina/_images/Icono habla con espada.png", "iconSize": [48, 43.67656090071648], "lat": -33.440645, "line": true, "lon": -70.649365, "use_custom_marker": true, "zoom": 12}, "media": {"caption": "Mapa de Santiago en 1552", "credit": "Wikimedia Commons", "url": "https://upload.wikimedia.org/wikipedia/commons/thumb/f/f7/Mapa_Santiago_en_1552.jpg/800px-Mapa_Santiago_en_1552.jpg"}, "text": {"headline": "Corriente colonizadora de Cuyo", "text": "<span>Pedro de Valdivia, Tras participar en diversas campa\u00f1as militares en Europa, viaj\u00f3 a Am\u00e9rica, donde form\u00f3 parte de las huestes de Francisco Pizarro en Per\u00fa. Con el t\u00edtulo de teniente gobernador otorgado por Pizarro, lider\u00f3 la Conquista de Chile a partir de 1540. \u201cDesde chile se coloniz\u00f3 la regi\u00f3n de cuyo que comprend\u00eda las actuales provincias de Mendoza, San Juan y San Luis y se fundaron las tres ciudades principales: Mendoza (1561), San Juan (1562) y San Luis (probablemente 1594). Muchos de los colonizadores de Cuyo eran americanos, o espa\u00f1oles de larga residencia en Am\u00e9rica\u201d. <span>(Vidal de Battini, 1954, p. 36)<br><br></span></span><b>Bibliograf\u00eda:</b><span><p>- Vidal de Battini, Berta. (1954) <i>El espa\u00f1ol de la Argentina</i>. Buenos Aires. Ministerio de Educaci\u00f3n de la Naci\u00f3n.</p><p><a href=\"http://www.bnm.me.gov.ar/giga1/documentos/EL002259.pdf\" target=\"\" rel=\"\" title=\"Link: http://www.bnm.me.gov.ar/giga1/documentos/EL002259.pdf\">Vidal de Battini, Berta. 1954. <i>El espa\u00f1ol de la Argentina.</i></a></p>- Wikipedia.org: <span><a href=\"https://es.wikipedia.org/wiki/Pedro_de_Valdivia\" title=\"Link: https://es.wikipedia.org/wiki/Pedro_de_Valdivia\">https://es.wikipedia.org/wiki/Pedro_de_Valdivia</a></span></span><span><br><br></span>"}}, {"date": "", "location": {"icon": "//uploads.knightlab.com/storymapjs/4d200f1dc1552e80fbe6519730afa818/historia-del-espanol-de-la-argentina/_images/icono-damajuana.gif", "iconSize": [27, 48], "lat": -32.890652, "line": true, "lon": -68.839435, "use_custom_marker": true, "zoom": 12}, "media": {"caption": "En el FIFBA 2013", "credit": "Camino a Maip\u00fa. Duo Orozco-Barrientos", "url": "https://www.youtube.com/watch?v=8c1xGaYHD8I"}, "text": {"headline": "Regi\u00f3n ling\u00fc\u00edstica de cuyo", "text": "<span><p>\u201cDe las tres provincias de Cuyo agrupamos en esta regi\u00f3n s\u00f3lo a Mendoza y San Juan. Adem\u00e1s incluimos en ella la zona de neuquen hasta Chos Malal (...) Son caracter\u00edsticas de esta regi\u00f3n: una entonaci\u00f3n con una variante mendocina y otra sanjuanina muy semejantes y cierta unidad de l\u00e9xico con el espa\u00f1ol de Chile\u201d (Vidal de Battini, 1954, p. 78).</p><p>Bibliograf\u00eda:</p><p>- Vidal de Battini, Berta. (1954) <em>El espa\u00f1ol de la Argentina.</em> Buenos Aires. Ministerio de Educaci\u00f3n de la Naci\u00f3n.</p><p><a href=\"http://www.bnm.me.gov.ar/giga1/documentos/EL002259.pdf\" target=\"\" rel=\"\" title=\"Link: http://www.bnm.me.gov.ar/giga1/documentos/EL002259.pdf\">Vidal de Battini, Berta. 1954. <i>El espa\u00f1ol de la Argentina.</i></a></p><p><strong>Otros Recursos audiovisuales:&nbsp;</strong></p><p><strong>Canci\u00f3n:&nbsp;</strong><a href=\"https://www.youtube.com/watch?v=PMClqzpokts\" target=\"\" rel=\"\"><span>Mendotronic. Don G\u00fcorry</span></a><strong>&nbsp;</strong></p></span>"}}], "zoomify": false}}